{"pid":"12656","title":"Increasing sequence","time_limit":"1","memory_limit":"262144","description":"<p>Given a positive integer k (3&lt;=k&lt;=15), one can generate an increasing sequence with the sum of k<sup>n<\/sup>. For example, when k=3, the sequence is<\/p>\r\n<p>1,3,4,9,10,12,13,...<\/p>\r\n<p>which is equivalent to<\/p>\r\n<p>3<sup>0<\/sup>, 3<sup>1<\/sup>, 3<sup>0<\/sup>+3<sup>1<\/sup>, 3<sup>2<\/sup>, 3<sup>0<\/sup>+3<sup>2<\/sup>, 3<sup>1<\/sup>+3<sup>2<\/sup>, 3<sup>0<\/sup>+3<sup>1<\/sup>+3<sup>2<\/sup>,....<\/p>\r\n<p><br \/>\r\nYou are asked to find the Nth term of this sequence.<\/p>","input":"<p>One line contains k and N with a blank. 3&lt;=k&lt;=15, 10&lt;=N&lt;=1000.<\/p>","output":"<p>The value of the Nth term. The result is less than 2.1*10<sup>9<\/sup><\/p>","sample_input":"3 100","sample_output":"981","accepted":"2","submissions":"2","special_judge":"0","has_framework":"0","author":"Chapt 10","hint":"","avail":"1","cid":"1424","rate_tot":"0","rate_count":"0","dataversion":"0","stdsid":"3267306"}