{"pid":"12653","title":"Geologic time","time_limit":"1","memory_limit":"262144","description":"<p>You are taking a geology class and the professor wants you to write a program to help students learn the periods of geologic time. The program should let the users enter a range of prehistoric dates in millions of years, and then output the periods that are included in that range. Within the program, represent the periods with an enumeration type made up of their names.<\/p>\r\n<p>The periods of geologic time are:<br \/>\r\nPeriod Name&nbsp;&nbsp;&nbsp;&nbsp;&nbsp; Starting Date (millions of years)<br \/>\r\nQuaternary&nbsp;&nbsp;&nbsp;&nbsp;&nbsp;&nbsp;&nbsp;&nbsp;&nbsp; 2.5<br \/>\r\nTertiary&nbsp;&nbsp;&nbsp;&nbsp;&nbsp;&nbsp;&nbsp;&nbsp;&nbsp;&nbsp;&nbsp;&nbsp;&nbsp;&nbsp;&nbsp; 65<br \/>\r\nCretaceous&nbsp;&nbsp;&nbsp;&nbsp;&nbsp;&nbsp;&nbsp;&nbsp; 136<br \/>\r\nJurassic&nbsp;&nbsp;&nbsp;&nbsp;&nbsp;&nbsp;&nbsp;&nbsp;&nbsp;&nbsp;&nbsp;&nbsp;&nbsp; 192<br \/>\r\nTriassic&nbsp;&nbsp;&nbsp;&nbsp;&nbsp;&nbsp;&nbsp;&nbsp;&nbsp;&nbsp;&nbsp;&nbsp;&nbsp;&nbsp; 225<br \/>\r\nPermian&nbsp;&nbsp;&nbsp;&nbsp;&nbsp;&nbsp;&nbsp;&nbsp;&nbsp;&nbsp;&nbsp;&nbsp;&nbsp; 280<br \/>\r\nCarboniferous&nbsp;&nbsp;&nbsp; &nbsp;345<br \/>\r\nDevonian&nbsp;&nbsp;&nbsp;&nbsp;&nbsp;&nbsp;&nbsp;&nbsp;&nbsp;&nbsp;&nbsp; 395<br \/>\r\nSilurian&nbsp;&nbsp;&nbsp;&nbsp;&nbsp;&nbsp;&nbsp;&nbsp;&nbsp;&nbsp;&nbsp;&nbsp;&nbsp;&nbsp;&nbsp;435<br \/>\r\nOrdovician&nbsp;&nbsp;&nbsp;&nbsp;&nbsp;&nbsp;&nbsp;&nbsp;&nbsp; 500<br \/>\r\nCambrian&nbsp;&nbsp;&nbsp;&nbsp;&nbsp;&nbsp;&nbsp;&nbsp;&nbsp;&nbsp;&nbsp; 570<br \/>\r\nPrecambrian&nbsp;&nbsp;&nbsp;&nbsp;&nbsp;&nbsp; 4500 or earlier<\/p>","input":"<p>One line with two numbers, representing the beginning and the end of the range.<\/p>","output":"<p>The&nbsp;period names that are included in the input range in one line, separated by blanks.<\/p>","sample_input":"30 178","sample_output":"Quaternary Tertiary Cretaceous","accepted":"12","submissions":"40","special_judge":"0","has_framework":"0","author":"Chapt 10","hint":"","avail":"1","cid":"1424","rate_tot":"0","rate_count":"0","dataversion":"0","stdsid":"0"}