{"pid":"11234","title":"8-10  Determining prime number","time_limit":"1","memory_limit":"262144","description":"<p>Write a function that determines whether a integer is a prime number. Use the following function header:<br \/>\r\n<br \/>\r\nbool isPrime(int num)<br \/>\r\n<br \/>\r\nAn integer greater than 1 is a prime number if its only divisor is 1 or itself.<br \/>\r\nFor example, isPrime(11) return true, and isPrime(9) return false.<br \/>\r\n&nbsp;<\/p>","input":"","output":"","sample_input":"","sample_output":"","accepted":"75","submissions":"188","special_judge":"0","has_framework":"1","author":"\u7a0b\u5e8f\u8bbe\u8ba1I Chapter5 Functions","hint":"<p>You should submit the implementation of the function but <span style=\"color: #ff0000\">do not submit the main() function<\/span>. <br \/>\r\n&nbsp;<\/p>","avail":"1","cid":"1422","rate_tot":"0","rate_count":"0","dataversion":"0","stdsid":"3214691"}