{"pid":"12644","title":"Converting octal\/hexadecimal integer to decimal integer","time_limit":"1","memory_limit":"262144","description":"<p>Write a program to convert an input string that represents an octal integer or a hexadecimal integer to a decimal integer.<\/p>","input":"<p>The input is one line that begins with &quot;0&quot; or &quot;0x&quot;,&nbsp;indicating an octal integer or a hexadecimal integer, respectively.<\/p>\r\n<p>For a hexadecimal integer, it may contain&nbsp;uppercase letters&nbsp;and lowercase letters, e.g., both &quot;0x3e5a&quot; and &quot;0x3E5a&quot; are equivalent to 15962.&nbsp;Your program should carefully handle such&nbsp;a case.<\/p>","output":"<p>The corresponding decimal integer.<\/p>","sample_input":"0x76A","sample_output":"1898","accepted":"13","submissions":"28","special_judge":"0","has_framework":"0","author":"Chapt 10","hint":"","avail":"1","cid":"1424","rate_tot":"0","rate_count":"0","dataversion":"0","stdsid":"0"}