{"pid":"11233","title":"8-9 Computing series","time_limit":"1","memory_limit":"262144","description":"<p>m(n) = 4(1 - 1\/3 + 1\/5 - 1\/7 + 1\/9 - ... -1\/(2n-1) + 1\/(2n+1))<br \/>\r\nWrite a function that returns m(n) with the following function head. <br \/>\r\n<br \/>\r\ndouble pi(int n)<br \/>\r\n&nbsp;<\/p>","input":"","output":"","sample_input":"","sample_output":"","accepted":"94","submissions":"228","special_judge":"0","has_framework":"1","author":"\u7a0b\u5e8f\u8bbe\u8ba1I Chapter5 Functions","hint":"<p>You should submit the implementation of the function but <span style=\"color: #ff0000\">do not submit the main() function<\/span>. <br \/>\r\n&nbsp;<\/p>","avail":"1","cid":"1422","rate_tot":"0","rate_count":"0","dataversion":"0","stdsid":"3192075"}