{"pid":"11244","title":"Counting charactrers","time_limit":"1","memory_limit":"262144","description":"<p>You are to implement the following function:&nbsp;<br \/>\r\nvoid counting(string&nbsp; S, int &amp; aphabeticNum, int &amp; numericNum);<br \/>\r\n&nbsp;<br \/>\r\nThis function counts&nbsp;the number of alphabetic and numeric characters in the input string S, and assigns the results to aphabeticNum and numericNum.&nbsp;&nbsp; <br \/>\r\nFor example, if S is &ldquo;abc#12*&quot;, then aphabeticNum=3, numericNum=2\u3002<\/p>\r\n<p>The main() function should not be submitted.<br \/>\r\n&nbsp;<\/p>","input":"","output":"","sample_input":"","sample_output":"","accepted":"44","submissions":"148","special_judge":"0","has_framework":"1","author":"\u7a0b\u5e8f\u8bbe\u8ba1II Chapter 12 File Input and Output","hint":"","avail":"1","cid":"1424","rate_tot":"0","rate_count":"0","dataversion":"0","stdsid":"3260944"}