{"pid":"12655","title":"Sum of very large numbers","time_limit":"1","memory_limit":"262144","description":"<p>Write a program to compute the sum of two positive integer numbers. The numbers may be very large and exceed the range&nbsp;of unsigned long data type. You can use string to read the input and ouput the results.<\/p>","input":"","output":"","sample_input":"99999999999999999999999999 2399999997807430","sample_output":"100000000002399999997807429","accepted":"8","submissions":"18","special_judge":"0","has_framework":"0","author":"Chapt 10","hint":"","avail":"1","cid":"1424","rate_tot":"0","rate_count":"0","dataversion":"0","stdsid":"3262833"}