{"pid":"11242","title":"8-18  Twin primes","time_limit":"1","memory_limit":"262144","description":"<p>Twin primes are a pair of two prime numbers that differ by 2.<br \/>\r\nFor example, 3 and 5 are twin primes, 5 and 7 are twin primes, 11 and 13 are twin primes.<br \/>\r\nWrite a program to find all twin primes less than the a specified number n.<br \/>\r\n&nbsp;<\/p>","input":"<p>An interger n (5&lt;=n&lt;100000).<br \/>\r\n&nbsp;<\/p>","output":"<p>The number of twin primes less than n.<\/p>","sample_input":"13","sample_output":"2\r\n","accepted":"71","submissions":"239","special_judge":"0","has_framework":"0","author":"\u7a0b\u5e8f\u8bbe\u8ba1I Chapter5 Functions","hint":"","avail":"1","cid":"1422","rate_tot":"0","rate_count":"0","dataversion":"0","stdsid":"3214277"}