{"pid":"11241","title":"8-17  Mersenne prime","time_limit":"10","memory_limit":"262144","description":"<p>A prime number is called a Mersenne prime if it can be written in the form of <br \/>\r\n2^p - 1 for some positive integer p. Write a program that finds the number of <br \/>\r\nMersenne primes with p&lt;=n, n is a specified integer.<br \/>\r\n&nbsp;<\/p>","input":"<p>An interger n (1&lt;=n&lt;=31).<br \/>\r\n&nbsp;<\/p>","output":"<p>The number of Mersenne primes with p &lt;= n.<\/p>","sample_input":"3","sample_output":"2\r\n","accepted":"70","submissions":"182","special_judge":"0","has_framework":"0","author":"\u7a0b\u5e8f\u8bbe\u8ba1I Chapter5 Functions","hint":"","avail":"1","cid":"1422","rate_tot":"0","rate_count":"0","dataversion":"0","stdsid":"3214270"}