{"pid":"12654","title":"Swap two integers","time_limit":"1","memory_limit":"262144","description":"<p>Write a function to swap two integers withou creating any new variables.<\/p>\r\n<p>The function prototype is:<br \/>\r\nvoid swap (long &amp;, long &amp;)<\/p>\r\n<p>Do not submit the main fuction.<\/p>","input":"","output":"","sample_input":"","sample_output":"","accepted":"21","submissions":"28","special_judge":"0","has_framework":"1","author":"Chapt 10","hint":"<p>You can use one of the bitwise operators to achieve the goal.<\/p>","avail":"1","cid":"1424","rate_tot":"0","rate_count":"0","dataversion":"0","stdsid":"3262442"}