{"pid":"11243","title":"Finding the character of an ASCII code","time_limit":"1","memory_limit":"262144","description":"<p>Write a program that receives ans ASCII code (an integer between 0 and 128) and displays its character. For example, if the user enters 97, the program displays character a.<br \/>\r\n&nbsp;<\/p>","input":"<p>An integer tetween 0 and 128 in one line.<\/p>","output":"<p>The character in one line.<\/p>","sample_input":"97\r\n","sample_output":"a\r\n","accepted":"59","submissions":"70","special_judge":"0","has_framework":"0","author":"\u7a0b\u5e8f\u8bbe\u8ba1I Chapter2 Primitive Data Types and Operation ","hint":"","avail":"1","cid":"1424","rate_tot":"0","rate_count":"0","dataversion":"0","stdsid":"3262921"}