{"pid":"11240","title":"8-15  Emirp","time_limit":"1","memory_limit":"262144","description":"<p>An emirp (prime spelled backwards) is a prime number whose reversal is also a prime.<br \/>\r\nFor example, 17 is a prime and 71 is a prime. So 17 and 71 are emirps.<br \/>\r\nWrite a program that reads an interger n, and output the nth emirps.<br \/>\r\n&nbsp;<\/p>","input":"<p>An interger n (1&lt;=n&lt;=50).<br \/>\r\n&nbsp;<\/p>","output":"<p>The nth emirp.<\/p>","sample_input":"10","sample_output":"71","accepted":"64","submissions":"103","special_judge":"0","has_framework":"0","author":"\u7a0b\u5e8f\u8bbe\u8ba1I Chapter5 Functions","hint":"","avail":"1","cid":"1422","rate_tot":"0","rate_count":"0","dataversion":"0","stdsid":"3214296"}