{"pid":"11237","title":"8-13  Approximating the square root","time_limit":"1","memory_limit":"262144","description":"<p>Implementing the sqrt function. The square root of a number n, can be approximated by repeated performing a calculation using the following formula:<br \/>\r\n<br \/>\r\nnextGuess = (lastGuess + (num \/ lastGuess)) \/2<br \/>\r\n<br \/>\r\nWhen nextGuess and lastGuess are almost identical, nextGuess is the approximated square root.<br \/>\r\nThe initial guess will be the starting value of lastGuess. If the difference between nextGuess and lastGuess is less than a very small number e (such as 0.0001), you can claim that nextGuess is the approximated square root of n.<br \/>\r\n<br \/>\r\n&nbsp;<\/p>","input":"<p>The first line is a positive integer t for the number of test cases.<br \/>\r\nEach test case contains an double value n (0&lt;=n&lt;100000) and a double value e (such as 0.001).<br \/>\r\n&nbsp;<\/p>","output":"<p>For each test case, output the square root of n in one line.<br \/>\r\nYou should set the precision to 8 and fixed;<\/p>","sample_input":"2\r\n4 0.001\r\n2 0.01","sample_output":"2.00000009\r\n1.41421569\r\n","accepted":"58","submissions":"101","special_judge":"0","has_framework":"0","author":"\u7a0b\u5e8f\u8bbe\u8ba1I Chapter5 Functions","hint":"","avail":"1","cid":"1422","rate_tot":"0","rate_count":"0","dataversion":"0","stdsid":"3216102"}