{"pid":"11238","title":"8-14 Displaying date and time","time_limit":"1","memory_limit":"262144","description":"<p>Write a program to reads an integer n, which means the total seconds since midnight Jan 1,1970(eg., 1103203148 seconds).<\/p>\r\n<p>Display the date and time at that second.<br \/>\r\n&nbsp;<\/p>","input":"<p>The first line is a positive t, it means that there are t test cases. <br \/>\r\nEach test case contains one line with an integer n (0&lt;=n).<br \/>\r\nn is the total seconds since midnight Jan 1,1970(eg., 1103203148 seconds).<br \/>\r\n&nbsp;<\/p>","output":"<p>For each test cast, output the date and time in two lines, using the following format: <br \/>\r\nyear-month-day<br \/>\r\nhour:minute:second<br \/>\r\n&nbsp;<\/p>","sample_input":"1297090629\r\n","sample_output":"2011-2-7\r\n14:57:9\r\n","accepted":"45","submissions":"185","special_judge":"0","has_framework":"0","author":"\u7a0b\u5e8f\u8bbe\u8ba1I Chapter5 Functions","hint":"","avail":"1","cid":"1422","rate_tot":"0","rate_count":"0","dataversion":"0","stdsid":"3224314"}