{"pid":"11235","title":"8-11  Using the trigonometric functions","time_limit":"1","memory_limit":"262144","description":"<p>Print the following table to display the sin value and cos value of degrees from 0 to 360 with increments of 10 degrees.&nbsp;<br \/>\r\nYou should set the width of print field of each column to 12, set the precision of floating-point numbers to 4 and fixed, justify the output to the right.&nbsp;&nbsp;<\/p>","input":"","output":"","sample_input":"","sample_output":"      Degree         Sin         Cos\r\n           0      0.0000      1.0000\r\n          10      0.1736      0.9848\r\n          20      0.3420      0.9397\r\n         ...\r\n         350     -0.1736      0.9848\r\n         360     -0.0000      1.0000\r\n","accepted":"72","submissions":"182","special_judge":"0","has_framework":"0","author":"\u7a0b\u5e8f\u8bbe\u8ba1I Chapter5 Functions","hint":"<p>Note that the function <em>double sin(double x) <\/em>and <em>double cos(double x) <\/em>return the&nbsp; sin\/cos value of an angle of <em><var>x<\/var><\/em> radians.<\/p>","avail":"1","cid":"1422","rate_tot":"0","rate_count":"0","dataversion":"0","stdsid":"0"}