{"pid":"11239","title":"8-16  Palindromic prime","time_limit":"1","memory_limit":"262144","description":"<p>A palindromic prime is simultaneous a prime number and palindromic.<br \/>\r\nFor example, 131 is a prime and also a palindromic. <br \/>\r\nWrite a program that reads an interger n, and finds the nth palindromic prime.<br \/>\r\n&nbsp;<\/p>","input":"<p>An interger n (1&lt;=n&lt;=50).<\/p>","output":"<p>The nth palindromic prime.<\/p>","sample_input":"1","sample_output":"2\r\n","accepted":"61","submissions":"153","special_judge":"0","has_framework":"0","author":"\u7a0b\u5e8f\u8bbe\u8ba1I Chapter5 Functions","hint":"","avail":"1","cid":"1422","rate_tot":"0","rate_count":"0","dataversion":"0","stdsid":"3214279"}